lat,lon,date,city,country
,,05/14/2014 09:07,West Drayton,United Kingdom
,,05/14/2014 09:22,Hounslow,United Kingdom
,,05/14/2014 10:51,Hounslow,United Kingdom
,,05/14/2014 11:24,Hounslow,United Kingdom
,,05/14/2014 11:38,Hounslow,United Kingdom
,,05/14/2014 12:23,Hounslow,United Kingdom
,,05/14/2014 12:38,Hounslow,United Kingdom
,,05/14/2014 15:11,Lisbon,Portugal
,,05/14/2014 15:25,Lisbon,Portugal
,,05/14/2014 15:41,Lisbon,Portugal
,,05/14/2014 15:55,Lisbon,Portugal
,,05/14/2014 16:11,Lisbon,Portugal
,,05/14/2014 16:25,Lisbon,Portugal
,,05/14/2014 16:40,Lisbon,Portugal
,,05/14/2014 16:55,Lisbon,Portugal
,,05/14/2014 17:25,Lisbon,Portugal
,,05/14/2014 17:40,Lisbon,Portugal
,,05/14/2014 18:10,Lisbon,Portugal
,,05/14/2014 18:25,Lisbon,Portugal
,,05/14/2014 18:40,Lisbon,Portugal
,,05/14/2014 18:55,Lisbon,Portugal
,,05/14/2014 19:10,Lisbon,Portugal
,,05/14/2014 19:26,Lisbon,Portugal
,,05/14/2014 19:40,Lisbon,Portugal
,,05/14/2014 19:55,Lisbon,Portugal
,,05/14/2014 20:40,Lisbon,Portugal
,,05/14/2014 21:10,Lisbon,Portugal
,,05/14/2014 21:25,Lisbon,Portugal
,,05/14/2014 21:51,Lisbon,Portugal
,,05/14/2014 22:05,Lisbon,Portugal
,,05/14/2014 22:19,Lisbon,Portugal
,,05/14/2014 22:35,Lisbon,Portugal
,,05/14/2014 22:50,Lisbon,Portugal
,,05/14/2014 23:05,Lisbon,Portugal
,,05/14/2014 23:20,Lisbon,Portugal
,,05/14/2014 23:50,Lisbon,Portugal
,,05/15/2014 00:20,Lisbon,Portugal
,,05/15/2014 00:50,Lisbon,Portugal
,,05/15/2014 01:20,Lisbon,Portugal
,,05/15/2014 01:49,Lisbon,Portugal
,,05/15/2014 02:20,Lisbon,Portugal
,,05/15/2014 02:49,Lisbon,Portugal
,,05/15/2014 03:20,Lisbon,Portugal
,,05/15/2014 03:50,Lisbon,Portugal
,,05/15/2014 04:36,Lisbon,Portugal
,,05/15/2014 05:05,Lisbon,Portugal
,,05/15/2014 05:35,Lisbon,Portugal
,,05/15/2014 06:05,Lisbon,Portugal
,,05/15/2014 06:34,Lisbon,Portugal
,,05/15/2014 07:05,Lisbon,Portugal
,,05/15/2014 07:35,Lisbon,Portugal
,,05/15/2014 08:04,Lisbon,Portugal
,,05/15/2014 08:35,Lisbon,Portugal
,,05/15/2014 09:20,Lisbon,Portugal
,,05/15/2014 09:35,Lisbon,Portugal
,,05/15/2014 09:50,Lisbon,Portugal
,,05/15/2014 10:05,Lisbon,Portugal
,,05/15/2014 10:20,Lisbon,Portugal
,,05/15/2014 10:35,Lisbon,Portugal
,,05/15/2014 10:50,Lisbon,Portugal
,,05/15/2014 11:05,Lisbon,Portugal
,,05/15/2014 11:34,Lisbon,Portugal
,,05/15/2014 11:50,Lisbon,Portugal
,,05/15/2014 12:06,Lisbon,Portugal
,,05/15/2014 12:21,Lisbon,Portugal
,,05/15/2014 13:06,Lisbon,Portugal
,,05/15/2014 13:23,Lisbon,Portugal
,,05/15/2014 13:36,Lisbon,Portugal
,,05/15/2014 13:50,Lisbon,Portugal
,,05/15/2014 14:05,Lisbon,Portugal
,,05/15/2014 14:19,Lisbon,Portugal
,,05/15/2014 14:36,Lisbon,Portugal
,,05/15/2014 14:50,Lisbon,Portugal
,,05/15/2014 15:05,Lisbon,Portugal
,,05/15/2014 15:19,Lisbon,Portugal
,,05/15/2014 15:35,Lisbon,Portugal
,,05/15/2014 15:50,Lisbon,Portugal
,,05/15/2014 16:05,Lisbon,Portugal
,,05/15/2014 16:19,Lisbon,Portugal
,,05/15/2014 16:36,Lisbon,Portugal
,,05/15/2014 16:49,Lisbon,Portugal
,,05/15/2014 18:20,Lisbon,Portugal
,,05/15/2014 18:50,Lisbon,Portugal
,,05/15/2014 19:05,Lisbon,Portugal
,,05/15/2014 19:34,Lisbon,Portugal
,,05/15/2014 19:48,Lisbon,Portugal
,,05/15/2014 20:03,Lisbon,Portugal
,,05/15/2014 20:32,Lisbon,Portugal
,,05/15/2014 20:48,Lisbon,Portugal
,,05/15/2014 21:03,Lisbon,Portugal
,,05/15/2014 21:18,Lisbon,Portugal
,,05/15/2014 21:33,Lisbon,Portugal
,,05/15/2014 21:47,Lisbon,Portugal
,,05/15/2014 22:17,Lisbon,Portugal
,,05/15/2014 22:48,Lisbon,Portugal
,,05/15/2014 23:18,Lisbon,Portugal
,,05/15/2014 23:48,Lisbon,Portugal
,,05/16/2014 00:18,Lisbon,Portugal
,,05/16/2014 00:48,Lisbon,Portugal
,,05/16/2014 01:18,Lisbon,Portugal
,,05/16/2014 01:48,Lisbon,Portugal
,,05/16/2014 02:03,Lisbon,Portugal
,,05/16/2014 02:18,Lisbon,Portugal
,,05/16/2014 02:48,Lisbon,Portugal
,,05/16/2014 03:18,Lisbon,Portugal
,,05/16/2014 03:48,Lisbon,Portugal
,,05/16/2014 04:18,Lisbon,Portugal
,,05/16/2014 04:32,Lisbon,Portugal
,,05/16/2014 05:03,Lisbon,Portugal
,,05/16/2014 05:33,Lisbon,Portugal
,,05/16/2014 06:02,Lisbon,Portugal
,,05/16/2014 06:32,Lisbon,Portugal
,,05/16/2014 07:03,Lisbon,Portugal
,,05/16/2014 07:33,Lisbon,Portugal
,,05/16/2014 08:03,Lisbon,Portugal
,,05/16/2014 08:33,Lisbon,Portugal
,,05/16/2014 08:59,Lisbon,Portugal
,,05/16/2014 09:13,Lisbon,Portugal
,,05/16/2014 09:28,Lisbon,Portugal
,,05/16/2014 10:13,Lisbon,Portugal
,,05/16/2014 10:28,Lisbon,Portugal
,,05/16/2014 10:43,Amadora,Portugal
,,05/16/2014 10:58,Algueirão-Mem Martins,Portugal
,,05/16/2014 11:13,Sintra,Portugal
,,05/16/2014 11:28,Sintra,Portugal
,,05/16/2014 12:43,Sintra,Portugal
,,05/16/2014 13:28,Sintra,Portugal
,,05/16/2014 13:43,Sintra,Portugal
,,05/16/2014 14:43,Sintra,Portugal
,,05/16/2014 15:13,Sintra,Portugal
,,05/16/2014 15:43,Sintra,Portugal
,,05/16/2014 15:58,Lisbon,Portugal
,,05/16/2014 16:13,Sintra,Portugal
,,05/16/2014 16:28,Sintra,Portugal
,,05/16/2014 16:43,Sintra,Portugal
,,05/16/2014 16:58,Sintra,Portugal
,,05/16/2014 17:13,Lisbon,Portugal
,,05/16/2014 17:28,Damaia,Portugal
,,05/16/2014 17:43,Lisbon,Portugal
,,05/16/2014 17:58,Lisbon,Portugal
,,05/16/2014 18:13,Lisbon,Portugal
,,05/16/2014 18:55,Lisbon,Portugal
,,05/16/2014 19:09,Lisbon,Portugal
,,05/16/2014 19:24,Lisbon,Portugal
,,05/16/2014 19:54,Lisbon,Portugal
,,05/16/2014 20:09,Lisbon,Portugal
,,05/16/2014 20:24,Lisbon,Portugal
,,05/16/2014 20:39,Lisbon,Portugal
,,05/16/2014 21:09,Lisbon,Portugal
,,05/16/2014 22:09,Lisbon,Portugal
,,05/16/2014 22:39,Lisbon,Portugal
,,05/16/2014 23:09,Lisbon,Portugal
,,05/16/2014 23:24,Lisbon,Portugal
,,05/16/2014 23:39,Lisbon,Portugal
,,05/17/2014 00:09,Lisbon,Portugal
,,05/17/2014 00:39,Lisbon,Portugal
,,05/17/2014 01:09,Lisbon,Portugal
,,05/17/2014 01:39,Lisbon,Portugal
,,05/17/2014 01:54,Lisbon,Portugal
,,05/17/2014 02:09,Lisbon,Portugal
,,05/17/2014 02:24,Lisbon,Portugal
,,05/17/2014 02:54,Lisbon,Portugal
,,05/17/2014 03:24,Lisbon,Portugal
,,05/17/2014 03:54,Lisbon,Portugal
,,05/17/2014 04:24,Lisbon,Portugal
,,05/17/2014 04:54,Lisbon,Portugal
,,05/17/2014 05:24,Lisbon,Portugal
,,05/17/2014 05:54,Lisbon,Portugal
,,05/17/2014 06:24,Lisbon,Portugal
,,05/17/2014 06:54,Lisbon,Portugal
,,05/17/2014 07:24,Lisbon,Portugal
,,05/17/2014 07:54,Lisbon,Portugal
,,05/17/2014 08:09,Lisbon,Portugal
,,05/17/2014 08:24,Lisbon,Portugal
,,05/17/2014 08:54,Lisbon,Portugal
,,05/17/2014 09:09,Lisbon,Portugal
,,05/17/2014 09:24,Lisbon,Portugal
,,05/17/2014 09:39,Lisbon,Portugal
,,05/17/2014 09:54,Lisbon,Portugal
,,05/17/2014 10:09,Lisbon,Portugal
,,05/17/2014 11:12,Azambuja,Portugal
,,05/17/2014 11:27,Santarém,Portugal
,,05/17/2014 11:42,Zibreira,Portugal
,,05/17/2014 11:58,Ourém Municipality,Portugal
,,05/17/2014 12:12,São Mamede,Portugal
,,05/17/2014 12:28,Leiria District,Portugal
,,05/17/2014 12:43,Leiria District,Portugal
,,05/17/2014 12:58,Coimbra Municipality,Portugal
,,05/17/2014 13:28,Aveiro District,Portugal
,,05/17/2014 13:42,Aveiro District,Portugal
,,05/17/2014 13:58,Vila Nova de Gaia,Portugal
,,05/17/2014 15:13,Porto,Portugal
,,05/17/2014 15:28,Porto,Portugal
,,05/17/2014 15:42,Porto,Portugal
,,05/17/2014 15:58,Porto,Portugal
,,05/17/2014 16:12,Porto,Portugal
,,05/17/2014 16:28,Vila Nova de Gaia Municipality,Portugal
,,05/17/2014 16:42,Vila Nova de Gaia Municipality,Portugal
,,05/17/2014 17:27,Vila Nova de Gaia Municipality,Portugal
,,05/17/2014 17:42,Porto,Portugal
,,05/17/2014 18:43,Vila Nova de Gaia Municipality,Portugal
,,05/17/2014 18:58,Vila Nova de Gaia Municipality,Portugal
,,05/17/2014 19:12,Porto,Portugal
,,05/17/2014 19:27,Porto,Portugal
,,05/17/2014 19:43,Porto,Portugal
,,05/17/2014 19:58,Porto,Portugal
,,05/17/2014 20:13,Porto,Portugal
,,05/17/2014 20:28,Porto,Portugal
,,05/17/2014 20:43,Porto,Portugal
,,05/17/2014 20:57,Porto,Portugal
,,05/17/2014 21:12,Porto,Portugal
,,05/17/2014 21:42,Porto,Portugal
,,05/17/2014 22:12,Porto,Portugal
,,05/17/2014 22:42,Porto,Portugal
,,05/17/2014 22:58,Porto,Portugal
,,05/17/2014 23:12,Porto,Portugal
,,05/17/2014 23:43,Porto,Portugal
,,05/17/2014 23:58,Porto,Portugal
,,05/18/2014 00:28,Porto,Portugal
,,05/18/2014 00:58,Porto,Portugal
,,05/18/2014 01:28,Porto,Portugal
,,05/18/2014 01:58,Porto,Portugal
,,05/18/2014 02:12,Porto,Portugal
,,05/18/2014 02:27,Porto,Portugal
,,05/18/2014 03:28,Porto,Portugal
,,05/18/2014 03:58,Porto,Portugal
,,05/18/2014 05:12,Porto,Portugal
,,05/18/2014 05:42,Porto,Portugal
,,05/18/2014 06:13,Porto,Portugal
,,05/18/2014 06:43,Porto,Portugal
,,05/18/2014 06:58,Porto,Portugal
,,05/18/2014 07:12,Porto,Portugal
,,05/18/2014 07:27,Porto,Portugal
,,05/18/2014 07:42,Porto,Portugal
,,05/18/2014 07:57,Porto,Portugal
,,05/18/2014 08:13,Porto,Portugal
,,05/18/2014 08:43,Porto,Portugal
,,05/18/2014 09:12,Porto,Portugal
,,05/18/2014 09:42,Porto,Portugal
,,05/18/2014 09:57,Porto,Portugal
,,05/18/2014 10:27,Porto,Portugal
,,05/18/2014 11:12,Porto,Portugal
,,05/18/2014 11:42,Porto,Portugal
,,05/18/2014 12:12,Porto District,Portugal
,,05/18/2014 12:58,Porto,Portugal
,,05/18/2014 13:27,Vila Nova de Gaia Municipality,Portugal
,,05/18/2014 13:57,Porto,Portugal
,,05/18/2014 14:28,Vila Nova de Gaia Municipality,Portugal
,,05/18/2014 14:57,Vila Nova de Gaia Municipality,Portugal
,,05/18/2014 15:13,Porto,Portugal
,,05/18/2014 15:42,Porto,Portugal
,,05/18/2014 15:57,Porto,Portugal
,,05/18/2014 16:12,Vila Nova de Gaia Municipality,Portugal
,,05/18/2014 16:58,Porto,Portugal
,,05/18/2014 17:12,Porto,Portugal
,,05/18/2014 17:42,Porto,Portugal
,,05/18/2014 17:55,Porto,Portugal
,,05/18/2014 18:10,Porto,Portugal
,,05/18/2014 18:40,Porto,Portugal
,,05/18/2014 18:55,Maia Municipality,Portugal
,,05/18/2014 19:25,Matosinhos,Portugal
,,05/18/2014 19:55,Maia,Portugal
,,05/18/2014 20:10,Matosinhos,Portugal
,,05/18/2014 22:35,El Prat de Llobregat,Spain
,,05/18/2014 22:49,Viladecans,Spain
,,05/18/2014 23:04,Viladecans,Spain
,,05/18/2014 23:20,Viladecans,Spain
,,05/18/2014 23:34,El Prat de Llobregat,Spain
,,05/19/2014 00:04,Barcelona,Spain
,,05/19/2014 01:34,Barcelona,Spain
,,05/19/2014 02:03,Barcelona,Spain
,,05/19/2014 02:48,Barcelona,Spain
,,05/19/2014 05:48,Barcelona,Spain
,,05/19/2014 06:03,Barcelona,Spain
,,05/19/2014 08:33,Barcelona,Spain
,,05/19/2014 09:48,Barcelona,Spain
,,05/19/2014 10:33,Barcelona,Spain
,,05/19/2014 10:48,Barcelona,Spain
,,05/19/2014 11:03,Barcelona,Spain
,,05/19/2014 11:18,Barcelona,Spain
,,05/19/2014 11:48,Barcelona,Spain
,,05/19/2014 12:48,Barcelona,Spain
,,05/19/2014 14:33,Barcelona,Spain
,,05/19/2014 14:48,Barcelona,Spain
,,05/19/2014 16:18,Barcelona,Spain
,,05/19/2014 17:03,Barcelona,Spain
,,05/19/2014 17:18,Barcelona,Spain
,,05/19/2014 17:48,Barcelona,Spain
,,05/19/2014 18:03,Barcelona,Spain
,,05/19/2014 18:33,Barcelona,Spain
,,05/19/2014 18:48,Barcelona,Spain
,,05/19/2014 19:03,Barcelona,Spain
,,05/19/2014 19:18,Barcelona,Spain
,,05/19/2014 19:33,Barcelona,Spain
,,05/19/2014 19:48,Barcelona,Spain
,,05/19/2014 21:18,Barcelona,Spain
,,05/19/2014 21:33,Barcelona,Spain
,,05/19/2014 21:48,Barcelona,Spain
,,05/19/2014 22:03,Barcelona,Spain
,,05/19/2014 22:18,Barcelona,Spain
,,05/20/2014 03:18,Barcelona,Spain
,,05/20/2014 05:48,Barcelona,Spain
,,05/20/2014 06:03,Barcelona,Spain
,,05/20/2014 07:48,Barcelona,Spain
,,05/20/2014 08:03,Barcelona,Spain
,,05/20/2014 08:18,Barcelona,Spain
,,05/20/2014 08:48,Barcelona,Spain
,,05/20/2014 09:18,Barcelona,Spain
,,05/20/2014 09:33,Barcelona,Spain
,,05/20/2014 10:03,Barcelona,Spain
,,05/20/2014 10:33,Barcelona,Spain
,,05/20/2014 10:48,Barcelona,Spain
,,05/20/2014 11:03,Barcelona,Spain
,,05/20/2014 11:18,Barcelona,Spain
,,05/20/2014 11:33,Barcelona,Spain
,,05/20/2014 12:03,Barcelona,Spain
,,05/20/2014 12:18,Barcelona,Spain
,,05/20/2014 14:33,Barcelona,Spain
,,05/20/2014 14:48,Barcelona,Spain
,,05/20/2014 15:03,Barcelona,Spain
,,05/20/2014 15:44,Barcelona,Spain
,,05/20/2014 15:57,Barcelona,Spain
,,05/20/2014 16:14,Barcelona,Spain
,,05/20/2014 16:28,Barcelona,Spain
,,05/20/2014 16:32,Barcelona,Spain
,,05/20/2014 16:46,Barcelona,Spain
,,05/20/2014 17:47,Barcelona,Spain
,,05/20/2014 18:01,Barcelona,Spain
,,05/20/2014 18:16,Barcelona,Spain
,,05/20/2014 18:32,Barcelona,Spain
,,05/20/2014 18:46,Barcelona,Spain
,,05/20/2014 19:02,Barcelona,Spain
,,05/20/2014 20:46,Barcelona,Spain
,,05/20/2014 21:02,Barcelona,Spain
,,05/20/2014 22:01,Barcelona,Spain
,,05/20/2014 23:32,Barcelona,Spain
,,05/21/2014 03:02,Barcelona,Spain
,,05/21/2014 11:02,Barcelona,Spain
,,05/21/2014 11:32,Barcelona,Spain
,,05/21/2014 11:47,Barcelona,Spain
,,05/21/2014 12:01,Barcelona,Spain
,,05/21/2014 13:46,Barcelona,Spain
,,05/21/2014 14:17,Barcelona,Spain
,,05/21/2014 14:31,Barcelona,Spain
,,05/21/2014 14:46,Barcelona,Spain
,,05/21/2014 15:01,Barcelona,Spain
,,05/21/2014 15:41,Barcelona,Spain
,,05/21/2014 15:55,Barcelona,Spain
,,05/21/2014 16:10,Barcelona,Spain
,,05/21/2014 16:40,Barcelona,Spain
,,05/21/2014 16:55,Barcelona,Spain
,,05/21/2014 17:10,Barcelona,Spain
,,05/21/2014 17:25,Barcelona,Spain
,,05/21/2014 17:53,Barcelona,Spain
,,05/21/2014 18:07,Barcelona,Spain
,,05/21/2014 18:52,Barcelona,Spain
,,05/21/2014 19:07,Barcelona,Spain
,,05/21/2014 19:22,Barcelona,Spain
,,05/21/2014 22:22,Barcelona,Spain
,,05/21/2014 23:07,Barcelona,Spain
,,05/21/2014 23:22,Barcelona,Spain
,,05/22/2014 03:52,Barcelona,Spain
,,05/22/2014 07:37,Barcelona,Spain
,,05/22/2014 07:52,Barcelona,Spain
,,05/22/2014 08:07,Barcelona,Spain
,,05/22/2014 08:37,Barcelona,Spain
,,05/22/2014 11:22,Barcelona,Spain
,,05/22/2014 11:52,Barcelona,Spain
,,05/22/2014 12:07,Barcelona,Spain
,,05/22/2014 12:22,Barcelona,Spain
,,05/22/2014 12:37,Barcelona,Spain
,,05/22/2014 12:52,Barcelona,Spain
,,05/22/2014 13:07,Barcelona,Spain
,,05/22/2014 13:22,Barcelona,Spain
,,05/22/2014 13:37,Barcelona,Spain
,,05/22/2014 13:52,Barcelona,Spain
,,05/22/2014 15:07,Barcelona,Spain
,,05/22/2014 15:37,Barcelona,Spain
,,05/22/2014 15:52,Barcelona,Spain
,,05/22/2014 16:07,Barcelona,Spain
,,05/22/2014 16:52,Barcelona,Spain
,,05/22/2014 17:07,Barcelona,Spain
,,05/22/2014 18:37,Barcelona,Spain
,,05/23/2014 03:07,Barcelona,Spain
,,05/23/2014 03:37,Barcelona,Spain
,,05/23/2014 05:07,Barcelona,Spain
,,05/23/2014 06:22,Barcelona,Spain
,,05/23/2014 06:37,Barcelona,Spain
,,05/23/2014 08:22,Barcelona,Spain
,,05/23/2014 08:37,Barcelona,Spain
,,05/23/2014 08:52,Barcelona,Spain
,,05/23/2014 10:44,Barcelona,Spain
,,05/23/2014 10:58,Barcelona,Spain
,,05/23/2014 11:13,Barcelona,Spain
,,05/23/2014 11:28,Barcelona,Spain
,,05/23/2014 11:43,Barcelona,Spain
,,05/23/2014 12:14,Barcelona,Spain
,,05/23/2014 12:28,Barcelona,Spain
,,05/23/2014 12:43,Barcelona,Spain
,,05/23/2014 12:58,Barcelona,Spain
,,05/23/2014 14:43,Barcelona,Spain
,,05/23/2014 15:13,Barcelona,Spain
,,05/23/2014 15:43,Barcelona,Spain
,,05/23/2014 15:58,Barcelona,Spain
,,05/23/2014 16:13,Barcelona,Spain
,,05/23/2014 16:28,Barcelona,Spain
,,05/23/2014 16:43,Barcelona,Spain
,,05/23/2014 16:58,Barcelona,Spain
,,05/23/2014 17:13,Barcelona,Spain
,,05/23/2014 17:24,Barcelona,Spain
,,05/23/2014 17:38,Barcelona,Spain
,,05/23/2014 18:38,Barcelona,Spain
,,05/23/2014 19:08,Barcelona,Spain
,,05/23/2014 19:38,Barcelona,Spain
,,05/23/2014 22:52,Barcelona,Spain
,,05/23/2014 23:08,Barcelona,Spain
,,05/23/2014 23:23,Barcelona,Spain
,,05/24/2014 01:37,Barcelona,Spain
,,05/24/2014 03:08,Barcelona,Spain
,,05/24/2014 12:38,Barcelona,Spain
,,05/24/2014 13:38,Barcelona,Spain
,,05/24/2014 13:53,Barcelona,Spain
,,05/24/2014 14:08,Barcelona,Spain
,,05/24/2014 14:23,Barcelona,Spain
,,05/24/2014 14:53,Barcelona,Spain
,,05/24/2014 15:07,Barcelona,Spain
,,05/24/2014 15:38,Barcelona,Spain
,,05/24/2014 15:52,Barcelona,Spain
,,05/24/2014 16:07,Barcelona,Spain
,,05/24/2014 16:37,Barcelona,Spain
,,05/24/2014 17:07,Barcelona,Spain
,,05/24/2014 18:38,Barcelona,Spain
,,05/24/2014 18:52,Barcelona,Spain
,,05/24/2014 19:08,Barcelona,Spain
,,05/24/2014 22:53,Barcelona,Spain
,,05/25/2014 06:37,Barcelona,Spain
,,05/25/2014 09:23,Barcelona,Spain
,,05/25/2014 11:37,Barcelona,Spain
,,05/25/2014 11:53,Barcelona,Spain
,,05/25/2014 12:08,Barcelona,Spain
,,05/25/2014 12:37,Barcelona,Spain
,,05/25/2014 12:53,Barcelona,Spain
,,05/25/2014 13:07,Barcelona,Spain
,,05/25/2014 13:52,Barcelona,Spain
,,05/25/2014 14:07,Barcelona,Spain
,,05/25/2014 14:23,Barcelona,Spain
,,05/25/2014 14:37,Barcelona,Spain
,,05/25/2014 15:07,Barcelona,Spain
,,05/25/2014 15:23,Barcelona,Spain
,,05/25/2014 15:37,Barcelona,Spain
,,05/25/2014 15:53,Barcelona,Spain
,,05/25/2014 16:53,Barcelona,Spain
,,05/25/2014 18:23,Barcelona,Spain
,,05/25/2014 22:53,Barcelona,Spain
,,05/25/2014 23:08,Barcelona,Spain
,,05/26/2014 08:07,Barcelona,Spain
,,05/26/2014 08:23,Barcelona,Spain
,,05/26/2014 09:23,Barcelona,Spain
,,05/26/2014 09:52,Barcelona,Spain
,,05/26/2014 10:08,Barcelona,Spain
,,05/26/2014 10:22,Barcelona,Spain
,,05/26/2014 12:07,Barcelona,Spain
,,05/26/2014 12:22,Barcelona,Spain
,,05/26/2014 12:37,Barcelona,Spain
,,05/26/2014 12:52,Barcelona,Spain
,,05/26/2014 13:08,Barcelona,Spain
,,05/26/2014 13:38,Barcelona,Spain
,,05/26/2014 13:53,Barcelona,Spain
,,05/26/2014 14:08,Barcelona,Spain
,,05/26/2014 14:23,Barcelona,Spain
,,05/26/2014 14:38,Barcelona,Spain
,,05/26/2014 15:03,Barcelona,Spain
,,05/26/2014 16:02,Barcelona,Spain
,,05/26/2014 16:17,Barcelona,Spain
,,05/26/2014 16:37,Barcelona,Spain
,,05/26/2014 16:51,Barcelona,Spain
,,05/26/2014 17:06,Barcelona,Spain
,,05/26/2014 17:51,Barcelona,Spain
,,05/26/2014 18:21,Barcelona,Spain
,,05/26/2014 19:11,Barcelona,Spain
,,05/26/2014 19:25,Barcelona,Spain
,,05/26/2014 22:10,Barcelona,Spain
,,05/27/2014 02:40,Barcelona,Spain
,,05/27/2014 02:55,Barcelona,Spain
,,05/27/2014 03:10,Barcelona,Spain
,,05/27/2014 04:55,Barcelona,Spain
,,05/27/2014 08:25,Barcelona,Spain
,,05/27/2014 09:10,Barcelona,Spain
,,05/27/2014 09:40,Barcelona,Spain
,,05/27/2014 09:55,Barcelona,Spain
,,05/27/2014 10:10,Barcelona,Spain
,,05/27/2014 10:26,Barcelona,Spain
,,05/27/2014 10:40,Barcelona,Spain
,,05/27/2014 12:10,Barcelona,Spain
,,05/27/2014 12:40,Barcelona,Spain
,,05/27/2014 13:10,Barcelona,Spain
,,05/27/2014 13:40,Barcelona,Spain
,,05/27/2014 13:55,Barcelona,Spain
,,05/27/2014 14:25,Barcelona,Spain
,,05/27/2014 14:40,Barcelona,Spain
,,05/27/2014 14:56,Barcelona,Spain
,,05/27/2014 15:10,Barcelona,Spain
,,05/27/2014 15:41,Barcelona,Spain
,,05/27/2014 15:55,Barcelona,Spain
,,05/27/2014 17:10,Barcelona,Spain
,,05/27/2014 17:40,Barcelona,Spain
,,05/27/2014 17:55,Barcelona,Spain
,,05/27/2014 19:26,Barcelona,Spain
,,05/27/2014 19:40,Barcelona,Spain
,,05/27/2014 20:10,Barcelona,Spain
,,05/27/2014 21:10,Barcelona,Spain
,,05/27/2014 21:40,Barcelona,Spain
,,05/28/2014 09:25,Barcelona,Spain
,,05/28/2014 09:40,Barcelona,Spain
,,05/28/2014 09:55,Barcelona,Spain
,,05/28/2014 10:10,Barcelona,Spain
,,05/28/2014 12:25,Barcelona,Spain
,,05/28/2014 12:55,Barcelona,Spain
,,05/28/2014 14:10,Barcelona,Spain
,,05/28/2014 14:25,Barcelona,Spain
,,05/28/2014 14:40,Barcelona,Spain
,,05/28/2014 15:10,Barcelona,Spain
,,05/28/2014 15:25,Barcelona,Spain
,,05/28/2014 15:40,Barcelona,Spain
,,05/28/2014 15:55,Barcelona,Spain
,,05/28/2014 16:10,Barcelona,Spain
,,05/28/2014 16:25,Barcelona,Spain
,,05/28/2014 19:25,Barcelona,Spain
,,05/28/2014 19:40,Barcelona,Spain
,,05/28/2014 21:25,Barcelona,Spain
,,05/29/2014 07:55,Barcelona,Spain
,,05/29/2014 09:40,Barcelona,Spain
,,05/29/2014 10:55,Barcelona,Spain
,,05/29/2014 11:25,Barcelona,Spain
,,05/29/2014 11:55,Barcelona,Spain
,,05/29/2014 12:25,Barcelona,Spain
,,05/29/2014 12:55,Barcelona,Spain
,,05/29/2014 14:25,Barcelona,Spain
,,05/29/2014 15:25,Barcelona,Spain
,,05/29/2014 15:40,Barcelona,Spain
,,05/29/2014 16:25,Barcelona,Spain
,,05/29/2014 16:29,Barcelona,Spain
,,05/29/2014 16:43,Barcelona,Spain
,,05/29/2014 17:10,Barcelona,Spain
,,05/29/2014 17:24,Barcelona,Spain
,,05/29/2014 17:39,Barcelona,Spain
,,05/29/2014 18:10,Barcelona,Spain
,,05/29/2014 18:24,Barcelona,Spain
,,05/29/2014 18:39,Barcelona,Spain
,,05/29/2014 18:54,Barcelona,Spain
,,05/29/2014 19:10,Barcelona,Spain
,,05/29/2014 19:24,Barcelona,Spain
,,05/29/2014 19:55,Barcelona,Spain
,,05/29/2014 20:09,Barcelona,Spain
,,05/29/2014 20:39,Barcelona,Spain
,,05/30/2014 03:09,Barcelona,Spain
,,05/30/2014 03:54,Barcelona,Spain
,,05/30/2014 10:24,Barcelona,Spain
,,05/30/2014 10:39,Barcelona,Spain
,,05/30/2014 16:10,Zendek,Poland
,,05/30/2014 16:39,Tarnowskie Góry County,Poland
,,05/30/2014 16:55,Silesian Voivodeship,Poland
,,05/30/2014 17:10,Dabrowa Gornicza,Poland
,,05/30/2014 17:25,Olkusz County,Poland
,,05/30/2014 17:59,Krakow,Poland
,,05/30/2014 18:10,Krakow,Poland
,,05/30/2014 18:25,Krakow,Poland
,,05/30/2014 18:40,Krakow,Poland
,,05/30/2014 18:55,Krakow,Poland
,,05/30/2014 19:24,Kraków-Śródmieście,Poland
,,05/30/2014 19:39,Kraków-Śródmieście,Poland
,,05/30/2014 19:55,Krakow,Poland
,,05/30/2014 20:25,Krakow,Poland
,,05/30/2014 20:54,Krakow,Poland
,,05/30/2014 21:39,Krakow,Poland
,,05/31/2014 06:55,Krakow,Poland
,,05/31/2014 08:24,Oswiecim,Poland
,,05/31/2014 12:55,"Babice, Oświęcim County",Poland
,,05/31/2014 13:10,"Wygiełzów, Lesser Poland Voivodeship",Poland
,,05/31/2014 13:25,Chrzanów County,Poland
,,05/31/2014 13:40,Krakow,Poland
,,05/31/2014 13:55,Krakow,Poland
,,05/31/2014 14:09,Krakow,Poland
,,05/31/2014 14:40,Krakow,Poland
,,05/31/2014 15:10,Kraków-Śródmieście,Poland
,,05/31/2014 15:24,Kraków-Śródmieście,Poland
,,05/31/2014 15:55,Kraków-Śródmieście,Poland
,,05/31/2014 16:09,Krakow,Poland
,,05/31/2014 16:25,Krakow,Poland
,,05/31/2014 16:40,Krakow,Poland
,,05/31/2014 16:55,Krakow,Poland
,,05/31/2014 17:26,Krakow,Poland
,,05/31/2014 17:40,Krakow,Poland
,,05/31/2014 17:55,Krakow,Poland
,,05/31/2014 18:10,Krakow,Poland
,,05/31/2014 18:25,Krakow,Poland
,,05/31/2014 18:40,Krakow,Poland
,,05/31/2014 19:40,Krakow,Poland
,,05/31/2014 19:55,Krakow,Poland
,,05/31/2014 20:55,Krakow,Poland
,,05/31/2014 21:10,Krakow,Poland
,,05/31/2014 22:40,Krakow,Poland
,,05/31/2014 22:55,Krakow,Poland
,,05/31/2014 23:24,Krakow,Poland
,,05/31/2014 23:39,Krakow,Poland
,,06/01/2014 00:09,Kraków-Śródmieście,Poland
,,06/01/2014 00:40,Kraków-Śródmieście,Poland
,,06/01/2014 02:25,Kraków-Śródmieście,Poland
,,06/01/2014 03:25,Kraków-Śródmieście,Poland
,,06/01/2014 03:40,Kraków-Śródmieście,Poland
,,06/01/2014 05:10,Kraków-Śródmieście,Poland
,,06/01/2014 05:25,Krakow,Poland
,,06/01/2014 05:40,Kraków-Śródmieście,Poland
,,06/01/2014 06:10,Krakow,Poland
,,06/01/2014 06:24,Krakow,Poland
,,06/01/2014 07:09,Kraków-Śródmieście,Poland
,,06/01/2014 07:25,Krakow,Poland
,,06/01/2014 07:40,Wieliczka,Poland
,,06/01/2014 10:25,Wieliczka,Poland
,,06/01/2014 11:10,Wieliczka,Poland
,,06/01/2014 11:25,Krakow,Poland
,,06/01/2014 11:39,Krakow,Poland
,,06/01/2014 11:54,Krakow,Poland
,,06/01/2014 12:09,Krakow,Poland
,,06/01/2014 12:24,Krakow,Poland
,,06/01/2014 12:41,Krakow,Poland
,,06/01/2014 12:54,Krakow,Poland
,,06/01/2014 14:10,Kraków-Śródmieście,Poland
,,06/01/2014 14:24,Kraków-Śródmieście,Poland
,,06/01/2014 14:39,Krakow,Poland
,,06/01/2014 15:24,Kraków-Śródmieście,Poland
,,06/01/2014 15:55,Kraków-Śródmieście,Poland
,,06/01/2014 16:24,Krakow,Poland
,,06/01/2014 16:40,Kraków-Śródmieście,Poland
,,06/01/2014 16:54,Kraków-Śródmieście,Poland
,,06/01/2014 17:10,Krakow,Poland
,,06/01/2014 17:25,Krakow,Poland
,,06/01/2014 17:54,Krakow,Poland
,,06/01/2014 18:10,Krakow,Poland
,,06/01/2014 18:25,Krakow,Poland
,,06/01/2014 18:40,Krakow,Poland
,,06/01/2014 19:10,Krakow,Poland
,,06/01/2014 19:54,Kraków-Śródmieście,Poland
,,06/01/2014 20:39,Krakow,Poland
,,06/01/2014 20:54,Kraków-Śródmieście,Poland
,,06/01/2014 21:10,Kraków-Śródmieście,Poland
,,06/01/2014 21:25,Kraków-Śródmieście,Poland
,,06/02/2014 00:09,Krakow,Poland
,,06/02/2014 00:24,Kraków-Śródmieście,Poland
,,06/02/2014 03:40,Kraków-Śródmieście,Poland
,,06/02/2014 03:55,Kraków-Śródmieście,Poland
,,06/02/2014 04:25,Krakow,Poland
,,06/02/2014 04:40,Krakow,Poland
,,06/02/2014 05:10,Krakow,Poland
,,06/02/2014 05:25,"Balice, Lesser Poland Voivodeship",Poland
,,06/02/2014 05:40,Krakow,Poland
,,06/02/2014 05:54,Trzebinia,Poland
,,06/02/2014 06:10,Imielin,Poland
,,06/02/2014 06:25,Ruda Slaska,Poland
,,06/02/2014 06:39,Gliwice,Poland
,,06/02/2014 06:55,Gliwice,Poland
,,06/02/2014 07:10,Tarnowskie Góry County,Poland
,,06/02/2014 07:25,Bytom,Poland
,,06/02/2014 08:10,Novy Bohumin,Czech Republic
,,06/02/2014 08:24,Ostrava,Czech Republic
,,06/02/2014 09:09,Suchdol nad Odrou,Czech Republic
,,06/02/2014 09:25,Hranice,Czech Republic
,,06/02/2014 09:40,Prerov,Czech Republic
,,06/02/2014 10:55,Ústí nad Orlicí,Czech Republic
,,06/02/2014 11:40,Kojice,Czech Republic
,,06/02/2014 11:55,Sadská,Czech Republic
,,06/02/2014 12:10,Prague,Czech Republic
,,06/02/2014 12:39,Prague,Czech Republic
,,06/02/2014 12:54,Prague,Czech Republic
,,06/02/2014 13:10,Prague,Czech Republic
,,06/02/2014 13:25,Prague,Czech Republic
,,06/02/2014 13:40,Prague,Czech Republic
,,06/02/2014 13:55,Prague,Czech Republic
,,06/02/2014 15:10,Prague,Czech Republic
,,06/02/2014 15:39,Prague,Czech Republic
,,06/02/2014 15:55,Prague,Czech Republic
,,06/02/2014 18:24,Prague,Czech Republic
,,06/02/2014 19:39,Prague,Czech Republic
,,06/02/2014 19:55,Prague,Czech Republic
,,06/02/2014 21:03,Prague,Czech Republic
,,06/02/2014 21:17,Prague,Czech Republic
,,06/02/2014 22:17,Prague,Czech Republic
,,06/03/2014 04:17,Prague,Czech Republic
,,06/03/2014 04:32,Prague,Czech Republic
,,06/03/2014 08:47,Prague,Czech Republic
,,06/03/2014 10:02,Prague,Czech Republic
,,06/03/2014 11:17,Prague,Czech Republic
,,06/03/2014 11:47,Prague,Czech Republic
,,06/03/2014 12:02,Prague,Czech Republic
,,06/03/2014 13:02,Prague,Czech Republic
,,06/03/2014 13:13,Prague,Czech Republic
,,06/03/2014 13:27,Prague,Czech Republic
,,06/03/2014 13:42,Prague,Czech Republic
,,06/03/2014 13:57,Prague,Czech Republic
,,06/03/2014 14:27,Prague,Czech Republic
,,06/03/2014 14:57,Prague,Czech Republic
,,06/03/2014 15:27,Prague,Czech Republic
,,06/03/2014 15:57,Prague,Czech Republic
,,06/03/2014 16:12,Prague,Czech Republic
,,06/03/2014 16:27,Prague,Czech Republic
,,06/03/2014 16:57,Prague,Czech Republic
,,06/03/2014 17:12,Prague,Czech Republic
,,06/03/2014 17:42,Prague,Czech Republic
,,06/03/2014 18:12,Prague,Czech Republic
,,06/03/2014 18:42,Prague,Czech Republic
,,06/03/2014 19:12,Prague,Czech Republic
,,06/03/2014 19:42,Prague,Czech Republic
,,06/03/2014 20:12,Prague,Czech Republic
,,06/03/2014 20:27,Prague,Czech Republic
,,06/03/2014 21:57,Prague,Czech Republic
,,06/03/2014 22:27,Prague,Czech Republic
,,06/04/2014 09:27,Prague,Czech Republic
,,06/04/2014 09:42,Prague,Czech Republic
,,06/04/2014 09:57,Prague,Czech Republic
,,06/04/2014 10:12,Prague,Czech Republic
,,06/04/2014 10:42,Prague,Czech Republic
,,06/04/2014 10:57,Prague,Czech Republic
,,06/04/2014 11:12,Úvaly,Czech Republic
,,06/04/2014 11:27,Poříčany,Czech Republic
,,06/04/2014 11:42,Kolin,Czech Republic
,,06/04/2014 11:57,Kutna Hora,Czech Republic
,,06/04/2014 12:12,Kutna Hora,Czech Republic
,,06/04/2014 12:42,Kutna Hora,Czech Republic
,,06/04/2014 12:56,Kutna Hora,Czech Republic
,,06/04/2014 13:12,Kutna Hora,Czech Republic
,,06/04/2014 13:57,Kutna Hora,Czech Republic
,,06/04/2014 14:57,Kutna Hora,Czech Republic
,,06/04/2014 15:42,Kutna Hora,Czech Republic
,,06/04/2014 15:57,Kutna Hora,Czech Republic
,,06/04/2014 16:12,Kutna Hora,Czech Republic
,,06/04/2014 17:27,Kutna Hora,Czech Republic
,,06/04/2014 18:27,Kutna Hora,Czech Republic
,,06/04/2014 18:41,Nové Dvory (Kutná Hora District),Czech Republic
,,06/04/2014 19:12,Kolin,Czech Republic
,,06/04/2014 19:26,Kolin,Czech Republic
,,06/04/2014 19:42,Český Brod,Czech Republic
,,06/04/2014 19:56,Prague,Czech Republic
,,06/04/2014 20:12,Prague,Czech Republic
,,06/04/2014 20:26,Prague,Czech Republic
,,06/04/2014 20:42,Prague,Czech Republic
,,06/04/2014 20:57,Prague,Czech Republic
,,06/04/2014 21:27,Prague,Czech Republic
,,06/04/2014 21:41,Prague,Czech Republic
,,06/05/2014 08:41,Prague,Czech Republic
,,06/05/2014 08:55,Prague,Czech Republic
,,06/05/2014 09:55,Prague,Czech Republic
,,06/05/2014 10:08,Prague,Czech Republic
,,06/05/2014 10:22,Prague,Czech Republic
,,06/05/2014 10:37,Prague,Czech Republic
,,06/05/2014 10:52,Prague,Czech Republic
,,06/05/2014 11:21,Prague,Czech Republic
,,06/05/2014 12:06,Prague,Czech Republic
,,06/05/2014 14:21,Prague,Czech Republic
,,06/05/2014 14:37,Prague,Czech Republic
,,06/05/2014 14:51,Prague,Czech Republic
,,06/05/2014 15:21,Prague,Czech Republic
,,06/05/2014 15:37,Prague,Czech Republic
,,06/05/2014 16:08,Prague,Czech Republic
,,06/05/2014 17:07,Prague,Czech Republic
,,06/05/2014 17:23,Prague,Czech Republic
,,06/05/2014 18:07,Prague,Czech Republic
,,06/05/2014 18:22,Prague,Czech Republic
,,06/05/2014 18:38,Prague,Czech Republic
,,06/05/2014 19:08,Prague,Czech Republic
,,06/05/2014 19:52,Prague,Czech Republic
,,06/05/2014 20:08,Prague,Czech Republic
,,06/05/2014 20:21,Prague,Czech Republic
,,06/05/2014 20:36,Prague,Czech Republic
,,06/05/2014 20:52,Prague,Czech Republic
,,06/05/2014 21:53,Prague,Czech Republic
,,06/05/2014 22:06,Prague,Czech Republic
,,06/05/2014 23:22,Prague,Czech Republic
,,06/05/2014 23:36,Prague,Czech Republic
,,06/05/2014 23:51,Prague,Czech Republic
,,06/06/2014 01:07,Prague,Czech Republic
,,06/06/2014 08:51,Prague,Czech Republic
,,06/06/2014 09:08,Prague,Czech Republic
,,06/06/2014 10:52,Prague,Czech Republic
,,06/06/2014 11:07,Prague,Czech Republic
,,06/06/2014 12:06,Prague,Czech Republic
,,06/06/2014 12:22,Prague,Czech Republic
,,06/06/2014 13:07,Prague,Czech Republic
,,06/06/2014 13:22,Beroun,Czech Republic
,,06/06/2014 13:36,Mýto,Czech Republic
,,06/06/2014 13:51,Plzen,Czech Republic
,,06/06/2014 14:07,Blatnice,Czech Republic
,,06/06/2014 14:21,Kostelec,Czech Republic
,,06/06/2014 14:25,Rozvadov,Czech Republic
,,06/06/2014 14:52,Kümmersbruck,Germany
,,06/06/2014 15:06,Winkelhaid,Germany
,,06/06/2014 15:21,Kammerstein,Germany
,,06/06/2014 15:37,Ansbach,Germany
,,06/06/2014 16:30,Ellhofen,Germany
,,06/06/2014 16:37,Obersulm,Germany
,,06/06/2014 17:06,Stuttgart,Germany
,,06/06/2014 17:21,Stuttgart,Germany
,,06/06/2014 17:51,Stuttgart,Germany
,,06/06/2014 18:21,Wernau,Germany
,,06/06/2014 18:37,Riederich,Germany
,,06/06/2014 18:51,Kirchentellinsfurt,Germany
,,06/06/2014 19:06,Tübingen,Germany
,,06/06/2014 19:52,Tübingen,Germany
,,06/06/2014 20:37,Tübingen,Germany
,,06/06/2014 20:51,Tübingen,Germany
,,06/06/2014 21:07,Tübingen,Germany
,,06/06/2014 21:36,Tübingen,Germany
,,06/06/2014 22:21,Tübingen,Germany
,,06/06/2014 22:37,Tübingen,Germany
,,06/06/2014 23:37,Tübingen,Germany
,,06/07/2014 00:36,Tübingen,Germany
,,06/07/2014 01:37,Tübingen,Germany
,,06/07/2014 02:22,Tübingen,Germany
,,06/07/2014 03:21,Tübingen,Germany
,,06/07/2014 04:22,Tübingen,Germany
,,06/07/2014 05:22,Tübingen,Germany
,,06/07/2014 06:22,Tübingen,Germany
,,06/07/2014 07:21,Tübingen,Germany
,,06/07/2014 08:06,Tübingen,Germany
,,06/07/2014 09:06,Tübingen,Germany
,,06/07/2014 10:06,Tübingen,Germany
,,06/07/2014 10:35,Tübingen,Germany
,,06/07/2014 10:49,Tübingen,Germany
,,06/07/2014 11:49,Tübingen,Germany
,,06/07/2014 12:19,Tübingen,Germany
,,06/07/2014 12:34,Tübingen,Germany
,,06/07/2014 12:49,Tübingen,Germany
,,06/07/2014 13:04,Tübingen,Germany
,,06/07/2014 13:49,Tübingen,Germany
,,06/07/2014 14:34,Tübingen,Germany
,,06/07/2014 15:34,Tübingen,Germany
,,06/07/2014 15:49,Tübingen,Germany
,,06/07/2014 16:34,Tübingen,Germany
,,06/07/2014 17:19,Tübingen,Germany
,,06/07/2014 17:34,Tübingen,Germany
,,06/07/2014 18:34,Tübingen,Germany
,,06/07/2014 19:34,Tübingen,Germany
,,06/07/2014 20:19,Tübingen,Germany
,,06/07/2014 21:20,Tübingen,Germany
,,06/07/2014 21:50,Tübingen,Germany
,,06/07/2014 22:20,Tübingen,Germany
,,06/07/2014 23:19,Tübingen,Germany
,,06/08/2014 00:04,Tübingen,Germany
,,06/08/2014 01:04,Tübingen,Germany
,,06/08/2014 02:04,Tübingen,Germany
,,06/08/2014 03:04,Tübingen,Germany
,,06/08/2014 04:49,Tübingen,Germany
,,06/08/2014 05:50,Tübingen,Germany
,,06/08/2014 06:49,Tübingen,Germany
,,06/08/2014 07:49,Tübingen,Germany
,,06/08/2014 08:50,Tübingen,Germany
,,06/08/2014 09:50,Tübingen,Germany
,,06/08/2014 10:50,Tübingen,Germany
,,06/08/2014 11:34,Tübingen,Germany
,,06/08/2014 12:34,Tübingen,Germany
,,06/08/2014 12:49,Tübingen,Germany
,,06/08/2014 13:04,Tübingen,Germany
,,06/08/2014 13:19,Tübingen,Germany
,,06/08/2014 13:34,Tübingen,Germany
,,06/08/2014 14:05,Tübingen,Germany
,,06/08/2014 14:19,Tübingen,Germany
,,06/08/2014 14:34,Tübingen,Germany
,,06/08/2014 14:49,Tübingen,Germany
,,06/08/2014 15:19,Tübingen,Germany
,,06/08/2014 15:52,Tübingen,Germany
,,06/08/2014 16:04,Tübingen,Germany
,,06/08/2014 17:19,Tübingen,Germany
,,06/08/2014 17:34,Tübingen,Germany
,,06/08/2014 17:49,Tübingen,Germany
,,06/08/2014 18:51,Tübingen,Germany
,,06/08/2014 19:34,Tübingen,Germany
,,06/08/2014 20:34,Tübingen,Germany
,,06/08/2014 21:34,Tübingen,Germany
,,06/08/2014 22:34,Tübingen,Germany
,,06/08/2014 23:34,Tübingen,Germany
,,06/09/2014 00:34,Tübingen,Germany
,,06/09/2014 01:34,Tübingen,Germany
,,06/09/2014 02:34,Tübingen,Germany
,,06/09/2014 03:19,Tübingen,Germany
,,06/09/2014 04:19,Tübingen,Germany
,,06/09/2014 05:19,Tübingen,Germany
,,06/09/2014 06:19,Tübingen,Germany
,,06/09/2014 07:19,Tübingen,Germany
,,06/09/2014 08:19,Tübingen,Germany
,,06/09/2014 08:44,Tübingen,Germany
,,06/09/2014 08:58,Tübingen,Germany
,,06/09/2014 09:42,Tübingen,Germany
,,06/09/2014 09:59,Tübingen,Germany
,,06/09/2014 10:59,Tübingen,Germany
,,06/09/2014 11:58,Tübingen,Germany
,,06/09/2014 12:12,Tübingen,Germany
,,06/09/2014 12:27,Tübingen,Germany
,,06/09/2014 12:58,Tübingen,Germany
,,06/09/2014 13:44,Tübingen,Germany
,,06/09/2014 13:58,Tübingen,Germany
,,06/09/2014 14:58,Tübingen,Germany
,,06/09/2014 15:12,Tübingen,Germany
,,06/09/2014 15:33,Tübingen,Germany
,,06/09/2014 15:57,Tübingen,Germany
,,06/09/2014 16:13,Tübingen,Germany
,,06/09/2014 16:28,Tübingen,Germany
,,06/09/2014 16:43,Tübingen,Germany
,,06/09/2014 16:58,Tübingen,Germany
,,06/09/2014 17:13,Tübingen,Germany
,,06/09/2014 17:27,Tübingen,Germany
,,06/09/2014 17:42,Tübingen,Germany
,,06/09/2014 18:13,Tübingen,Germany
,,06/09/2014 18:43,Tübingen,Germany
,,06/09/2014 18:57,Tübingen,Germany
,,06/09/2014 20:13,Tübingen,Germany
,,06/09/2014 20:43,Tübingen,Germany
,,06/09/2014 20:58,Tübingen,Germany
,,06/09/2014 21:44,Tübingen,Germany
,,06/09/2014 21:57,Tübingen,Germany
,,06/09/2014 22:43,Tübingen,Germany
,,06/09/2014 23:49,Tübingen,Germany
,,06/10/2014 00:03,Tübingen,Germany
,,06/10/2014 00:18,Tübingen,Germany
,,06/10/2014 00:48,Tübingen,Germany
,,06/10/2014 01:03,Tübingen,Germany
,,06/10/2014 01:48,Tübingen,Germany
,,06/10/2014 02:48,Tübingen,Germany
,,06/10/2014 03:48,Tübingen,Germany
,,06/10/2014 04:48,Tübingen,Germany
,,06/10/2014 05:33,Tübingen,Germany
,,06/10/2014 06:33,Tübingen,Germany
,,06/10/2014 07:33,Tübingen,Germany
,,06/10/2014 08:33,Tübingen,Germany
,,06/10/2014 09:33,Tübingen,Germany
,,06/10/2014 10:33,Tübingen,Germany
,,06/10/2014 11:03,Tübingen,Germany
,,06/10/2014 11:18,Rottenburg,Germany
,,06/10/2014 11:48,Horb am Neckar,Germany
,,06/10/2014 12:03,Eutingen im Gäu,Germany
,,06/10/2014 12:33,Schopfloch,Germany
,,06/10/2014 12:48,Freudenstadt,Germany
,,06/10/2014 13:03,Alpirsbach,Germany
,,06/10/2014 13:18,Wolfach,Germany
,,06/10/2014 13:33,Gutach,Germany
,,06/10/2014 13:48,Gengenbach,Germany
,,06/10/2014 14:03,Offenburg,Germany
,,06/10/2014 14:18,Friesenheim,Germany
,,06/10/2014 14:33,Freiburg,Germany
,,06/10/2014 15:03,Freiburg,Germany
,,06/10/2014 15:18,Freiburg,Germany
,,06/10/2014 15:48,Freiburg,Germany
,,06/10/2014 16:03,Freiburg,Germany
,,06/10/2014 16:18,Freiburg,Germany
,,06/10/2014 16:33,Freiburg,Germany
,,06/10/2014 16:48,Freiburg,Germany
,,06/10/2014 18:15,Freiburg,Germany
,,06/10/2014 18:29,Freiburg,Germany
,,06/10/2014 18:44,Freiburg,Germany
,,06/10/2014 18:59,Freiburg,Germany
,,06/10/2014 19:29,Freiburg,Germany
,,06/10/2014 19:44,Freiburg,Germany
,,06/10/2014 20:44,Freiburg,Germany
,,06/10/2014 21:00,Freiburg,Germany
,,06/10/2014 22:29,Freiburg,Germany
,,06/10/2014 22:44,Freiburg,Germany
,,06/10/2014 22:59,Freiburg,Germany
,,06/11/2014 08:29,Freiburg,Germany
,,06/11/2014 08:43,Freiburg,Germany
,,06/11/2014 08:59,Freiburg,Germany
,,06/11/2014 10:30,Freiburg,Germany
,,06/11/2014 10:44,Freiburg,Germany
,,06/11/2014 11:00,Freiburg,Germany
,,06/11/2014 11:14,Freiburg,Germany
,,06/11/2014 11:28,Freiburg,Germany
,,06/11/2014 12:13,Freiburg,Germany
,,06/11/2014 12:58,Freiburg,Germany
,,06/11/2014 13:14,Freiburg,Germany
,,06/11/2014 14:14,Freiburg,Germany
,,06/11/2014 14:28,Freiburg,Germany
,,06/11/2014 15:14,Freiburg,Germany
,,06/11/2014 15:29,Freiburg,Germany
,,06/11/2014 17:29,Freiburg,Germany
,,06/11/2014 17:44,Freiburg,Germany
,,06/11/2014 18:14,Freiburg,Germany
,,06/11/2014 18:29,Freiburg,Germany
,,06/11/2014 18:44,Freiburg,Germany
,,06/11/2014 19:29,Freiburg,Germany
,,06/11/2014 19:44,Freiburg,Germany
,,06/11/2014 20:43,Freiburg,Germany
,,06/11/2014 21:00,Freiburg,Germany
,,06/11/2014 21:14,Freiburg,Germany
,,06/11/2014 21:29,Freiburg,Germany
,,06/11/2014 21:44,Freiburg,Germany
,,06/11/2014 21:59,Freiburg,Germany
,,06/11/2014 22:22,Freiburg,Germany
,,06/11/2014 22:36,Freiburg,Germany
,,06/11/2014 23:36,Freiburg,Germany
,,06/12/2014 06:21,Freiburg,Germany
,,06/12/2014 07:21,Freiburg,Germany
,,06/12/2014 08:51,Freiburg,Germany
,,06/12/2014 09:06,Freiburg,Germany
,,06/12/2014 09:31,Kirchzarten,Germany
,,06/12/2014 09:59,Titisee-Neustadt,Germany
,,06/12/2014 10:59,Villingen-Schwenningen,Germany
,,06/12/2014 11:14,Dietingen,Germany
,,06/12/2014 11:29,Horb am Neckar,Germany
,,06/12/2014 11:59,Tübingen,Germany
,,06/12/2014 12:14,Kirchentellinsfurt,Germany
,,06/12/2014 12:29,Leinfelden-Echterdingen,Germany
,,06/12/2014 12:44,Leinfelden-Echterdingen,Germany
,,06/12/2014 13:00,Stuttgart,Germany
,,06/12/2014 13:29,Stuttgart,Germany
,,06/12/2014 14:14,Stuttgart,Germany
,,06/12/2014 17:19,El Prat de Llobregat,Spain
,,06/12/2014 17:35,El Prat de Llobregat,Spain
,,06/12/2014 17:49,El Prat de Llobregat,Spain
,,06/12/2014 18:04,Hospitalet de Llobregat,Spain
,,06/12/2014 18:11,Barcelona,Spain
,,06/12/2014 18:34,Barcelona,Spain
,,06/12/2014 18:50,Barcelona,Spain
,,06/12/2014 19:05,Barcelona,Spain
,,06/12/2014 20:19,Barcelona,Spain
,,06/12/2014 20:49,Barcelona,Spain
,,06/12/2014 21:39,Barcelona,Spain
,,06/12/2014 21:51,Barcelona,Spain
,,06/12/2014 22:20,Barcelona,Spain
,,06/12/2014 22:35,Barcelona,Spain
,,06/12/2014 22:49,Barcelona,Spain
,,06/12/2014 23:04,Barcelona,Spain
,,06/13/2014 09:05,Barcelona,Spain
,,06/13/2014 09:21,Barcelona,Spain
,,06/13/2014 10:04,Barcelona,Spain
,,06/13/2014 10:20,Barcelona,Spain
,,06/13/2014 10:49,Barcelona,Spain
,,06/13/2014 11:05,Hospitalet de Llobregat,Spain
,,06/13/2014 11:19,Hospitalet de Llobregat,Spain
,,06/13/2014 11:35,Hospitalet de Llobregat,Spain
,,06/13/2014 12:34,Barcelona,Spain
,,06/13/2014 12:50,Barcelona,Spain
,,06/13/2014 13:19,Barcelona,Spain
,,06/13/2014 13:34,Barcelona,Spain
,,06/13/2014 15:19,Barcelona,Spain
,,06/13/2014 15:49,Barcelona,Spain
,,06/13/2014 18:19,Barcelona,Spain
,,06/13/2014 19:19,Barcelona,Spain
,,06/13/2014 19:34,Barcelona,Spain
,,06/13/2014 19:46,Barcelona,Spain
,,06/13/2014 20:00,Barcelona,Spain
,,06/13/2014 21:00,Barcelona,Spain
,,06/13/2014 21:20,Barcelona,Spain
,,06/13/2014 21:34,Barcelona,Spain
,,06/13/2014 22:04,Barcelona,Spain
,,06/13/2014 22:18,Barcelona,Spain
,,06/13/2014 22:34,Barcelona,Spain
,,06/13/2014 22:48,Barcelona,Spain
,,06/13/2014 23:04,Barcelona,Spain
,,06/13/2014 23:19,Barcelona,Spain
,,06/14/2014 00:04,Barcelona,Spain
,,06/14/2014 01:03,Barcelona,Spain
,,06/14/2014 02:34,Barcelona,Spain
,,06/14/2014 02:49,Barcelona,Spain
,,06/14/2014 03:04,Barcelona,Spain
,,06/14/2014 03:19,Barcelona,Spain
,,06/14/2014 05:33,Barcelona,Spain
,,06/14/2014 06:19,Barcelona,Spain
,,06/14/2014 06:34,Barcelona,Spain
,,06/14/2014 09:48,Barcelona,Spain
,,06/14/2014 10:03,Barcelona,Spain
,,06/14/2014 10:23,Barcelona,Spain
,,06/14/2014 10:37,Barcelona,Spain
,,06/14/2014 11:22,Barcelona,Spain
,,06/14/2014 11:36,Barcelona,Spain
,,06/14/2014 12:36,Barcelona,Spain
,,06/14/2014 13:06,Barcelona,Spain
,,06/14/2014 13:52,Barcelona,Spain
,,06/14/2014 14:08,Barcelona,Spain
,,06/14/2014 17:36,Barcelona,Spain
,,06/14/2014 18:22,Barcelona,Spain
,,06/14/2014 19:36,Barcelona,Spain
,,06/14/2014 20:36,Barcelona,Spain
,,06/15/2014 09:52,Barcelona,Spain
,,06/15/2014 10:06,Barcelona,Spain
,,06/15/2014 10:23,Barcelona,Spain
,,06/15/2014 10:52,Barcelona,Spain
,,06/15/2014 11:22,Barcelona,Spain
,,06/15/2014 12:08,Barcelona,Spain
,,06/15/2014 12:22,Barcelona,Spain
,,06/15/2014 13:22,Barcelona,Spain
,,06/15/2014 14:07,Barcelona,Spain
,,06/15/2014 14:36,Barcelona,Spain
,,06/15/2014 14:51,Barcelona,Spain
,,06/15/2014 15:06,Barcelona,Spain
,,06/15/2014 15:38,Barcelona,Spain
,,06/15/2014 16:36,Barcelona,Spain
,,06/15/2014 16:52,Barcelona,Spain
,,06/15/2014 17:07,Barcelona,Spain
,,06/15/2014 17:21,Barcelona,Spain
,,06/15/2014 17:38,Barcelona,Spain
,,06/15/2014 17:51,Barcelona,Spain
,,06/15/2014 18:07,Barcelona,Spain
,,06/15/2014 18:36,Barcelona,Spain
,,06/15/2014 18:52,Barcelona,Spain
,,06/15/2014 19:06,Barcelona,Spain
,,06/15/2014 19:23,Barcelona,Spain
,,06/15/2014 19:37,Barcelona,Spain
,,06/15/2014 20:09,Barcelona,Spain
,,06/15/2014 20:23,Barcelona,Spain
,,06/15/2014 21:52,Barcelona,Spain
,,06/15/2014 22:07,Barcelona,Spain
,,06/15/2014 22:22,Barcelona,Spain
,,06/15/2014 23:08,Barcelona,Spain
,,06/16/2014 00:07,Barcelona,Spain
,,06/16/2014 01:07,Barcelona,Spain
,,06/16/2014 01:53,Barcelona,Spain
,,06/16/2014 02:37,Barcelona,Spain
,,06/16/2014 02:52,Barcelona,Spain
,,06/16/2014 03:52,Barcelona,Spain
,,06/16/2014 04:37,Barcelona,Spain
,,06/16/2014 05:07,Barcelona,Spain
,,06/16/2014 05:38,Barcelona,Spain
,,06/16/2014 06:08,Barcelona,Spain
,,06/16/2014 06:22,Barcelona,Spain
,,06/16/2014 06:37,Barcelona,Spain
,,06/16/2014 06:52,Barcelona,Spain
,,06/16/2014 07:07,Barcelona,Spain
,,06/16/2014 07:22,Barcelona,Spain
,,06/16/2014 07:37,Barcelona,Spain
,,06/16/2014 07:52,Barcelona,Spain
,,06/16/2014 08:22,Barcelona,Spain
,,06/16/2014 08:37,Barcelona,Spain
,,06/16/2014 08:52,Barcelona,Spain
,,06/16/2014 09:08,Barcelona,Spain
,,06/16/2014 09:22,Barcelona,Spain
,,06/16/2014 09:37,Barcelona,Spain
,,06/16/2014 10:07,Barcelona,Spain
,,06/16/2014 10:37,Barcelona,Spain
,,06/16/2014 10:52,Barcelona,Spain
,,06/16/2014 11:52,Barcelona,Spain
,,06/16/2014 12:08,Barcelona,Spain
,,06/16/2014 12:37,Barcelona,Spain
,,06/16/2014 13:07,Barcelona,Spain
,,06/16/2014 13:22,Barcelona,Spain
,,06/16/2014 13:38,Barcelona,Spain
,,06/16/2014 13:52,Barcelona,Spain
,,06/16/2014 14:22,Barcelona,Spain
,,06/16/2014 15:07,Barcelona,Spain
,,06/16/2014 15:37,Barcelona,Spain
,,06/16/2014 16:07,Barcelona,Spain
,,06/16/2014 16:22,Barcelona,Spain
,,06/16/2014 17:07,Barcelona,Spain
,,06/16/2014 18:07,Barcelona,Spain
,,06/16/2014 18:37,Barcelona,Spain
,,06/16/2014 18:52,Barcelona,Spain
,,06/16/2014 19:07,Barcelona,Spain
,,06/16/2014 19:22,Barcelona,Spain
,,06/16/2014 20:07,Barcelona,Spain
,,06/16/2014 20:22,Barcelona,Spain
,,06/16/2014 20:37,Barcelona,Spain
,,06/16/2014 20:52,Barcelona,Spain
,,06/16/2014 21:07,Barcelona,Spain
,,06/16/2014 22:52,Barcelona,Spain
,,06/16/2014 23:07,Barcelona,Spain
,,06/16/2014 23:22,Barcelona,Spain
,,06/16/2014 23:37,Barcelona,Spain
,,06/16/2014 23:52,Barcelona,Spain
,,06/17/2014 00:07,Barcelona,Spain
,,06/17/2014 00:22,Barcelona,Spain
,,06/17/2014 00:37,Barcelona,Spain
,,06/17/2014 00:52,Barcelona,Spain
,,06/17/2014 01:22,Barcelona,Spain
,,06/17/2014 01:37,Barcelona,Spain
,,06/17/2014 02:22,Barcelona,Spain
,,06/17/2014 02:37,Barcelona,Spain
,,06/17/2014 02:52,Barcelona,Spain
,,06/17/2014 03:07,Barcelona,Spain
,,06/17/2014 04:22,Barcelona,Spain
,,06/17/2014 04:37,Barcelona,Spain
,,06/17/2014 04:52,Barcelona,Spain
,,06/17/2014 05:22,Barcelona,Spain
,,06/17/2014 06:07,Barcelona,Spain
,,06/17/2014 06:22,Barcelona,Spain
,,06/17/2014 06:37,Barcelona,Spain
,,06/17/2014 07:07,Barcelona,Spain
,,06/17/2014 07:22,Barcelona,Spain
,,06/17/2014 07:37,Barcelona,Spain
,,06/17/2014 07:52,Barcelona,Spain
,,06/17/2014 08:07,Barcelona,Spain
,,06/17/2014 08:22,Barcelona,Spain
,,06/17/2014 08:37,Barcelona,Spain
,,06/17/2014 09:07,Barcelona,Spain
,,06/17/2014 09:22,Barcelona,Spain
,,06/17/2014 09:37,Barcelona,Spain
,,06/17/2014 09:52,Barcelona,Spain
,,06/17/2014 10:22,Barcelona,Spain
,,06/17/2014 10:37,Barcelona,Spain
,,06/17/2014 10:52,Barcelona,Spain
,,06/17/2014 13:37,Barcelona,Spain
,,06/17/2014 14:07,Barcelona,Spain
,,06/17/2014 15:22,Barcelona,Spain
,,06/17/2014 16:07,Barcelona,Spain
,,06/17/2014 16:22,Barcelona,Spain
,,06/17/2014 16:37,Barcelona,Spain
,,06/17/2014 16:52,Barcelona,Spain
,,06/17/2014 17:07,Barcelona,Spain
,,06/17/2014 17:22,Barcelona,Spain
,,06/17/2014 17:37,Barcelona,Spain
,,06/17/2014 17:52,Barcelona,Spain
,,06/17/2014 18:21,Barcelona,Spain
,,06/17/2014 18:36,Barcelona,Spain
,,06/17/2014 19:07,Barcelona,Spain
,,06/17/2014 19:21,Barcelona,Spain
,,06/17/2014 19:36,Barcelona,Spain
,,06/17/2014 19:51,Barcelona,Spain
,,06/17/2014 20:36,Barcelona,Spain
,,06/17/2014 20:51,Barcelona,Spain
,,06/17/2014 21:37,Barcelona,Spain
,,06/17/2014 21:52,Barcelona,Spain
,,06/17/2014 22:21,Barcelona,Spain
,,06/17/2014 22:37,Barcelona,Spain
,,06/17/2014 22:52,Barcelona,Spain
,,06/17/2014 23:06,Barcelona,Spain
,,06/17/2014 23:36,Barcelona,Spain
,,06/18/2014 00:06,Barcelona,Spain
,,06/18/2014 00:22,Barcelona,Spain
,,06/18/2014 00:52,Barcelona,Spain
,,06/18/2014 01:06,Barcelona,Spain
,,06/18/2014 01:21,Barcelona,Spain
,,06/18/2014 01:36,Barcelona,Spain
,,06/18/2014 02:22,Barcelona,Spain
,,06/18/2014 02:36,Barcelona,Spain
,,06/18/2014 02:51,Barcelona,Spain
,,06/18/2014 03:06,Barcelona,Spain
,,06/18/2014 03:36,Barcelona,Spain
,,06/18/2014 04:38,Barcelona,Spain
,,06/18/2014 04:52,Barcelona,Spain
,,06/18/2014 05:06,Barcelona,Spain
,,06/18/2014 05:37,Barcelona,Spain
,,06/18/2014 06:07,Barcelona,Spain
,,06/18/2014 06:36,Barcelona,Spain
,,06/18/2014 06:52,Barcelona,Spain
,,06/18/2014 07:22,Barcelona,Spain
,,06/18/2014 07:36,Barcelona,Spain
,,06/18/2014 08:06,Barcelona,Spain
,,06/18/2014 08:22,Barcelona,Spain
,,06/18/2014 08:37,Barcelona,Spain
,,06/18/2014 08:52,Barcelona,Spain
,,06/18/2014 09:06,Barcelona,Spain
,,06/18/2014 09:21,Barcelona,Spain
,,06/18/2014 09:37,Barcelona,Spain
,,06/18/2014 09:51,Barcelona,Spain
,,06/18/2014 10:06,Barcelona,Spain
,,06/18/2014 10:36,Barcelona,Spain
,,06/18/2014 11:37,Barcelona,Spain
,,06/18/2014 11:51,Barcelona,Spain
,,06/18/2014 12:23,Barcelona,Spain
,,06/18/2014 12:52,Barcelona,Spain
,,06/18/2014 13:06,Barcelona,Spain
,,06/18/2014 13:21,Barcelona,Spain
,,06/18/2014 13:37,Barcelona,Spain
,,06/18/2014 14:07,Barcelona,Spain
,,06/18/2014 14:22,Barcelona,Spain
,,06/18/2014 14:52,Barcelona,Spain
,,06/18/2014 15:06,Barcelona,Spain
,,06/18/2014 15:21,Barcelona,Spain
,,06/18/2014 16:37,Barcelona,Spain
,,06/18/2014 17:06,Barcelona,Spain
,,06/18/2014 17:21,Barcelona,Spain
,,06/18/2014 17:36,Barcelona,Spain
,,06/18/2014 17:51,Barcelona,Spain
,,06/18/2014 18:07,Barcelona,Spain
,,06/18/2014 18:21,Barcelona,Spain
,,06/18/2014 18:36,Barcelona,Spain
,,06/18/2014 18:51,Barcelona,Spain
,,06/18/2014 19:06,Barcelona,Spain
,,06/18/2014 19:21,Barcelona,Spain
,,06/18/2014 19:36,Barcelona,Spain
,,06/18/2014 19:51,Barcelona,Spain
,,06/18/2014 20:06,Barcelona,Spain
,,06/18/2014 20:36,Barcelona,Spain
,,06/18/2014 20:51,Barcelona,Spain
,,06/18/2014 21:21,Barcelona,Spain
,,06/18/2014 22:22,Barcelona,Spain
,,06/18/2014 22:36,Barcelona,Spain
,,06/18/2014 22:51,Barcelona,Spain
,,06/18/2014 23:07,Barcelona,Spain
,,06/18/2014 23:37,Barcelona,Spain
,,06/19/2014 00:22,Barcelona,Spain
,,06/19/2014 00:51,Barcelona,Spain
,,06/19/2014 01:07,Barcelona,Spain
,,06/19/2014 02:08,Barcelona,Spain
,,06/19/2014 03:07,Barcelona,Spain
,,06/19/2014 05:07,Barcelona,Spain
,,06/19/2014 05:36,Barcelona,Spain
,,06/19/2014 05:51,Barcelona,Spain
,,06/19/2014 06:07,Barcelona,Spain
,,06/19/2014 06:22,Barcelona,Spain
,,06/19/2014 06:36,Barcelona,Spain
,,06/19/2014 06:51,Barcelona,Spain
,,06/19/2014 07:07,Barcelona,Spain
,,06/19/2014 07:39,Barcelona,Spain
,,06/19/2014 07:52,Barcelona,Spain
,,06/19/2014 08:06,Barcelona,Spain
,,06/19/2014 08:21,Barcelona,Spain
,,06/19/2014 08:36,Barcelona,Spain
,,06/19/2014 09:07,Barcelona,Spain
,,06/19/2014 09:21,Barcelona,Spain
,,06/19/2014 09:36,Barcelona,Spain
,,06/19/2014 09:53,Barcelona,Spain
,,06/19/2014 10:07,Barcelona,Spain
,,06/19/2014 11:06,Barcelona,Spain
,,06/19/2014 11:24,Barcelona,Spain
,,06/19/2014 11:36,Barcelona,Spain
,,06/19/2014 11:51,Barcelona,Spain
,,06/19/2014 12:06,Barcelona,Spain
,,06/19/2014 12:23,Barcelona,Spain
,,06/19/2014 12:37,Barcelona,Spain
,,06/19/2014 12:51,Barcelona,Spain
,,06/19/2014 13:07,Barcelona,Spain
,,06/19/2014 13:22,Barcelona,Spain
,,06/19/2014 13:36,Barcelona,Spain
,,06/19/2014 14:07,Barcelona,Spain
,,06/19/2014 14:22,Barcelona,Spain
,,06/19/2014 14:36,Barcelona,Spain
,,06/19/2014 15:06,Barcelona,Spain
,,06/19/2014 15:21,Barcelona,Spain
,,06/19/2014 16:06,Barcelona,Spain
,,06/19/2014 16:21,Barcelona,Spain
,,06/19/2014 16:37,Barcelona,Spain
,,06/19/2014 16:51,Barcelona,Spain
,,06/19/2014 17:06,Barcelona,Spain
,,06/19/2014 17:21,Barcelona,Spain
,,06/19/2014 17:36,Barcelona,Spain
,,06/19/2014 17:51,Barcelona,Spain
,,06/19/2014 18:06,Barcelona,Spain
,,06/19/2014 18:21,Barcelona,Spain
,,06/19/2014 18:36,Barcelona,Spain
,,06/19/2014 18:51,Barcelona,Spain
,,06/19/2014 19:06,Barcelona,Spain
,,06/19/2014 19:36,Barcelona,Spain
,,06/19/2014 20:21,Barcelona,Spain
,,06/19/2014 20:36,Barcelona,Spain
,,06/19/2014 21:22,Barcelona,Spain
,,06/19/2014 21:51,Barcelona,Spain
,,06/19/2014 22:21,Barcelona,Spain
,,06/19/2014 22:36,Barcelona,Spain
,,06/19/2014 23:06,Barcelona,Spain
,,06/20/2014 09:21,Barcelona,Spain
,,06/20/2014 10:06,Barcelona,Spain
,,06/20/2014 10:12,Barcelona,Spain
,,06/20/2014 10:27,Barcelona,Spain
,,06/20/2014 11:27,Barcelona,Spain
,,06/20/2014 13:27,Barcelona,Spain
,,06/20/2014 15:15,Barcelona,Spain
,,06/20/2014 15:30,Barcelona,Spain
,,06/20/2014 15:59,Barcelona,Spain
,,06/20/2014 16:15,Barcelona,Spain
,,06/20/2014 16:30,Barcelona,Spain
,,06/20/2014 17:00,Barcelona,Spain
,,06/20/2014 18:00,Barcelona,Spain
,,06/20/2014 18:14,Barcelona,Spain
,,06/20/2014 18:59,Barcelona,Spain
,,06/20/2014 22:15,Viladecans,Spain
,,06/20/2014 23:14,El Prat de Llobregat,Spain
,,06/21/2014 01:59,Belgrade,Serbia
,,06/21/2014 02:29,Belgrade,Serbia
,,06/21/2014 04:29,Belgrade,Serbia
,,06/21/2014 05:30,Belgrade,Serbia
,,06/21/2014 08:00,Belgrade,Serbia
,,06/21/2014 10:14,Belgrade,Serbia
,,06/21/2014 13:29,Belgrade,Serbia
,,06/21/2014 13:45,Belgrade,Serbia
,,06/21/2014 15:29,Belgrade,Serbia
,,06/21/2014 17:29,Belgrade,Serbia
,,06/21/2014 18:44,Belgrade,Serbia
,,06/21/2014 19:30,Belgrade,Serbia
,,06/21/2014 22:14,Belgrade,Serbia
,,06/22/2014 05:14,Belgrade,Serbia
,,06/22/2014 07:58,Slepčević,Serbia
,,06/22/2014 14:27,Sarajevo,Bosnia and Herzegovina
,,06/22/2014 15:12,Sarajevo,Bosnia and Herzegovina
,,06/22/2014 19:12,Sarajevo,Bosnia and Herzegovina
,,06/22/2014 19:27,Sarajevo,Bosnia and Herzegovina
,,06/22/2014 21:12,Sarajevo,Bosnia and Herzegovina
,,06/22/2014 22:12,Sarajevo,Bosnia and Herzegovina
,,06/22/2014 22:42,Sarajevo,Bosnia and Herzegovina
,,06/22/2014 23:57,Sarajevo,Bosnia and Herzegovina
,,06/23/2014 06:42,Sarajevo,Bosnia and Herzegovina
,,06/23/2014 06:57,Sarajevo,Bosnia and Herzegovina
,,06/23/2014 07:12,Sarajevo,Bosnia and Herzegovina
,,06/23/2014 07:42,Sarajevo,Bosnia and Herzegovina
,,06/23/2014 08:27,Sarajevo,Bosnia and Herzegovina
,,06/23/2014 12:57,Sarajevo,Bosnia and Herzegovina
,,06/23/2014 14:12,Sarajevo,Bosnia and Herzegovina
,,06/23/2014 17:57,Mostar,Bosnia and Herzegovina
,,06/23/2014 19:12,Mostar,Bosnia and Herzegovina
,,06/23/2014 20:57,Mostar,Bosnia and Herzegovina
,,06/23/2014 21:57,Mostar,Bosnia and Herzegovina
,,06/23/2014 23:12,Mostar,Bosnia and Herzegovina
,,06/24/2014 07:12,Mostar,Bosnia and Herzegovina
,,06/24/2014 07:57,Mostar,Bosnia and Herzegovina
,,06/24/2014 08:05,Mostar,Bosnia and Herzegovina
,,06/24/2014 10:19,Mostar,Bosnia and Herzegovina
,,06/24/2014 13:49,Ploče,Croatia
,,06/24/2014 17:04,Split,Croatia
,,06/24/2014 18:05,Split,Croatia
,,06/24/2014 19:19,Split,Croatia
,,06/24/2014 19:34,Split,Croatia
,,06/24/2014 19:49,Split,Croatia
,,06/24/2014 20:05,Split,Croatia
,,06/24/2014 20:19,Split,Croatia
,,06/24/2014 21:35,Split,Croatia
,,06/24/2014 22:20,Split,Croatia
,,06/25/2014 02:57,Split,Croatia
,,06/25/2014 05:26,Split,Croatia
,,06/25/2014 10:11,Split,Croatia
,,06/25/2014 13:41,Split,Croatia
,,06/25/2014 16:56,Split,Croatia
,,06/25/2014 17:41,Split,Croatia
,,06/25/2014 18:58,Split,Croatia
,,06/25/2014 20:40,Split,Croatia
,,06/25/2014 20:55,Split,Croatia
,,06/25/2014 22:40,Split,Croatia
,,06/25/2014 23:23,Split,Croatia
,,06/26/2014 01:38,Split,Croatia
,,06/26/2014 06:08,Split,Croatia
,,06/26/2014 13:43,Split,Croatia
,,06/26/2014 16:57,Herzegovina-Neretva Canton,Bosnia and Herzegovina
,,06/26/2014 17:12,Herzegovina-Neretva Canton,Bosnia and Herzegovina
,,06/26/2014 18:42,Dubrovnik,Croatia
,,06/26/2014 19:15,Dubrovnik,Croatia
,,06/26/2014 21:00,Dubrovnik,Croatia
,,06/27/2014 06:15,Dubrovnik,Croatia
,,06/27/2014 07:15,Dubrovnik,Croatia
,,06/27/2014 15:55,Dubrovnik,Croatia
,,06/27/2014 20:01,Kotor,Montenegro
,,06/27/2014 20:16,Kotor,Montenegro
,,06/27/2014 20:40,Kotor,Montenegro
,,06/27/2014 21:39,Kotor,Montenegro
,,06/27/2014 21:54,Kotor,Montenegro
,,06/27/2014 22:24,Kotor,Montenegro
,,06/27/2014 22:39,Kotor,Montenegro
,,06/27/2014 23:24,Kotor,Montenegro
,,06/27/2014 23:39,Kotor,Montenegro
,,06/28/2014 00:09,Kotor,Montenegro
,,06/28/2014 02:39,Kotor,Montenegro
,,06/28/2014 03:09,Kotor,Montenegro
,,06/28/2014 03:39,Kotor,Montenegro
,,06/28/2014 05:09,Kotor,Montenegro
,,06/28/2014 07:09,Kotor,Montenegro
,,06/28/2014 07:24,Kotor,Montenegro
,,06/28/2014 07:39,Kotor,Montenegro
,,06/28/2014 07:54,Kotor,Montenegro
,,06/28/2014 08:09,Kotor,Montenegro
,,06/28/2014 08:39,Kotor,Montenegro
,,06/28/2014 11:54,Kotor,Montenegro
,,06/28/2014 12:54,Kotor,Montenegro
,,06/28/2014 13:24,Kotor,Montenegro
,,06/28/2014 14:08,Kotor,Montenegro
,,06/28/2014 14:39,Kotor,Montenegro
,,06/28/2014 14:54,Kotor,Montenegro
,,06/28/2014 15:09,Kotor,Montenegro
,,06/28/2014 15:24,Kotor,Montenegro
,,06/28/2014 15:39,Kotor,Montenegro
,,06/28/2014 16:39,Kotor,Montenegro
,,06/28/2014 16:53,Kotor,Montenegro
,,06/28/2014 17:09,Kotor,Montenegro
,,06/28/2014 17:24,Kotor,Montenegro
,,06/28/2014 17:39,Kotor,Montenegro
,,06/28/2014 17:54,Kotor,Montenegro
,,06/28/2014 18:09,Kotor,Montenegro
,,06/28/2014 19:39,Kotor,Montenegro
,,06/28/2014 19:54,Kotor,Montenegro
,,06/28/2014 20:09,Kotor,Montenegro
,,06/28/2014 20:54,Kotor,Montenegro
,,06/28/2014 21:09,Kotor,Montenegro
,,06/28/2014 21:24,Kotor,Montenegro
,,06/28/2014 21:54,Kotor,Montenegro
,,06/28/2014 22:09,Kotor,Montenegro
,,06/28/2014 22:24,Kotor,Montenegro
,,06/28/2014 22:53,Kotor,Montenegro
,,06/28/2014 23:24,Kotor,Montenegro
,,06/29/2014 00:54,Kotor,Montenegro
,,06/29/2014 01:24,Kotor,Montenegro
,,06/29/2014 02:24,Kotor,Montenegro
,,06/29/2014 02:38,Kotor,Montenegro
,,06/29/2014 13:09,Prizren,Kosovo
,,06/29/2014 13:38,Prizren,Kosovo
,,06/29/2014 13:54,Prizren,Kosovo
,,06/29/2014 14:24,Prizren,Kosovo
,,06/29/2014 15:39,Prizren,Kosovo
,,06/29/2014 16:54,Prizren,Kosovo
,,06/29/2014 17:08,Prizren,Kosovo
,,06/29/2014 17:54,Prizren,Kosovo
,,06/29/2014 19:09,Prizren,Kosovo
,,06/29/2014 19:39,Prizren,Kosovo
,,06/29/2014 19:54,Prizren,Kosovo
,,06/29/2014 20:39,Prizren,Kosovo
,,06/29/2014 22:24,Prizren,Kosovo
,,06/29/2014 22:39,Prizren,Kosovo
,,06/29/2014 23:24,Prizren,Kosovo
,,06/30/2014 08:12,Prizren,Kosovo
,,06/30/2014 08:27,Prizren,Kosovo
,,06/30/2014 10:11,Prizren,Kosovo
,,06/30/2014 14:12,Prizren,Kosovo
,,06/30/2014 15:57,Prizren,Kosovo
,,06/30/2014 16:56,Prizren,Kosovo
,,06/30/2014 17:56,Prizren,Kosovo
,,06/30/2014 18:12,Prizren,Kosovo
,,06/30/2014 18:27,Prizren,Kosovo
,,06/30/2014 19:11,Prizren,Kosovo
,,06/30/2014 20:26,Prizren,Kosovo
,,06/30/2014 21:42,Prizren,Kosovo
,,06/30/2014 22:11,Prizren,Kosovo
,,06/30/2014 22:27,Prizren,Kosovo
,,07/01/2014 05:57,Prizren,Kosovo
,,07/01/2014 14:57,Ohrid,Macedonia (FYROM)
,,07/01/2014 15:11,Ohrid,Macedonia (FYROM)
,,07/01/2014 18:56,Ohrid,Macedonia (FYROM)
,,07/01/2014 19:42,Ohrid,Macedonia (FYROM)
,,07/01/2014 21:42,Ohrid,Macedonia (FYROM)
,,07/01/2014 22:27,Ohrid,Macedonia (FYROM)
,,07/01/2014 22:56,Ohrid,Macedonia (FYROM)
,,07/02/2014 00:57,Ohrid,Macedonia (FYROM)
,,07/02/2014 02:27,Ohrid,Macedonia (FYROM)
,,07/02/2014 03:57,Ohrid,Macedonia (FYROM)
,,07/02/2014 04:41,Ohrid,Macedonia (FYROM)
,,07/02/2014 06:11,Ohrid,Macedonia (FYROM)
,,07/02/2014 08:11,Ohrid,Macedonia (FYROM)
,,07/02/2014 11:11,Ohrid,Macedonia (FYROM)
,,07/02/2014 11:56,Ohrid,Macedonia (FYROM)
,,07/02/2014 12:12,Ohrid,Macedonia (FYROM)
,,07/02/2014 14:41,Ohrid,Macedonia (FYROM)
,,07/02/2014 15:12,Ohrid,Macedonia (FYROM)
,,07/02/2014 15:26,Ohrid,Macedonia (FYROM)
,,07/02/2014 16:12,Ohrid,Macedonia (FYROM)
,,07/02/2014 16:42,Ohrid,Macedonia (FYROM)
,,07/02/2014 16:56,Ohrid,Macedonia (FYROM)
,,07/02/2014 17:42,Ohrid,Macedonia (FYROM)
,,07/02/2014 17:56,Ohrid,Macedonia (FYROM)
,,07/02/2014 18:57,Ohrid,Macedonia (FYROM)
,,07/02/2014 19:12,Ohrid,Macedonia (FYROM)
,,07/02/2014 19:27,Ohrid,Macedonia (FYROM)
,,07/02/2014 19:57,Ohrid,Macedonia (FYROM)
,,07/02/2014 20:26,Ohrid,Macedonia (FYROM)
,,07/02/2014 21:12,Ohrid,Macedonia (FYROM)
,,07/02/2014 21:26,Ohrid,Macedonia (FYROM)
,,07/02/2014 22:12,Ohrid,Macedonia (FYROM)
,,07/02/2014 22:41,Ohrid,Macedonia (FYROM)
,,07/03/2014 05:12,Ohrid,Macedonia (FYROM)
,,07/03/2014 14:41,Berat,Albania
,,07/03/2014 14:56,Berat,Albania
,,07/03/2014 19:29,Berat,Albania
,,07/03/2014 19:43,Berat,Albania
,,07/03/2014 19:58,Berat,Albania
,,07/03/2014 20:29,Berat,Albania
,,07/03/2014 20:44,Berat,Albania
,,07/03/2014 20:59,Berat,Albania
,,07/03/2014 21:14,Berat,Albania
,,07/03/2014 21:30,Berat,Albania
,,07/03/2014 21:44,Berat,Albania
,,07/03/2014 21:59,Berat,Albania
,,07/03/2014 22:14,Berat,Albania
,,07/03/2014 22:29,Berat,Albania
,,07/03/2014 22:59,Berat,Albania
,,07/03/2014 23:14,Berat,Albania
,,07/04/2014 03:14,Berat,Albania
,,07/04/2014 05:29,Berat,Albania
,,07/04/2014 07:28,Berat,Albania
,,07/04/2014 08:14,Berat,Albania
,,07/04/2014 08:30,Berat,Albania
,,07/04/2014 08:44,Berat,Albania
,,07/04/2014 11:29,Berat,Albania
,,07/04/2014 11:44,Berat,Albania
,,07/04/2014 12:14,Berat,Albania
,,07/04/2014 12:58,Berat,Albania
,,07/04/2014 13:24,Berat,Albania
,,07/04/2014 17:39,Gjirokastër,Albania
,,07/04/2014 17:42,Gjirokastër,Albania
,,07/04/2014 20:49,Kakavia,Greece
,,07/04/2014 23:58,Dytiki Ellada,Greece
,,07/05/2014 00:50,Dytiki Ellada,Greece
,,07/05/2014 00:52,Dytiki Ellada,Greece
,,07/05/2014 00:52,Dytiki Ellada,Greece
,,07/05/2014 01:31,Dytiki Ellada,Greece
,,07/05/2014 01:32,Dytiki Ellada,Greece
,,07/05/2014 01:33,Dytiki Ellada,Greece
,,07/05/2014 01:36,Dytiki Ellada,Greece
,,07/05/2014 03:06,Dytiki Ellada,Greece
,,07/05/2014 03:52,Peloponnese,Greece
,,07/05/2014 05:32,Athens,Greece
,,07/05/2014 07:17,Athens,Greece
,,07/05/2014 07:31,Athens,Greece
,,07/05/2014 07:47,Athens,Greece
,,07/05/2014 08:02,Athens,Greece
,,07/05/2014 08:17,Athens,Greece
,,07/05/2014 08:32,Athens,Greece
,,07/05/2014 08:46,Athens,Greece
,,07/05/2014 09:01,Athens,Greece
,,07/05/2014 09:17,Athens,Greece
,,07/05/2014 09:30,Athens,Greece
,,07/05/2014 09:48,Athens,Greece
,,07/05/2014 10:01,Athens,Greece
,,07/05/2014 12:52,Athens,Greece
,,07/05/2014 13:50,Athens,Greece
,,07/05/2014 14:05,Athens,Greece
,,07/05/2014 14:20,Athens,Greece
,,07/05/2014 14:36,Athens,Greece
,,07/05/2014 14:50,Athens,Greece
,,07/05/2014 15:05,Athens,Greece
,,07/05/2014 15:35,Athens,Greece
,,07/05/2014 15:50,Athens,Greece
,,07/05/2014 16:05,Athens,Greece
,,07/05/2014 16:35,Athens,Greece
,,07/05/2014 16:50,Athens,Greece
,,07/05/2014 17:50,Athens,Greece
,,07/05/2014 18:21,Athens,Greece
,,07/05/2014 19:35,Athens,Greece
,,07/05/2014 20:05,Athens,Greece
,,07/05/2014 20:20,Athens,Greece
,,07/05/2014 20:35,Athens,Greece
,,07/05/2014 20:50,Athens,Greece
,,07/05/2014 21:05,Athens,Greece
,,07/05/2014 21:20,Athens,Greece
,,07/05/2014 21:50,Athens,Greece
,,07/05/2014 22:05,Athens,Greece
,,07/05/2014 22:20,Athens,Greece
,,07/05/2014 22:35,Athens,Greece
,,07/05/2014 22:50,Athens,Greece
,,07/05/2014 23:20,Athens,Greece
,,07/05/2014 23:35,Athens,Greece
,,07/05/2014 23:50,Athens,Greece
,,07/06/2014 00:05,Athens,Greece
,,07/06/2014 00:35,Athens,Greece
,,07/06/2014 01:05,Athens,Greece
,,07/06/2014 01:20,Athens,Greece
,,07/06/2014 01:35,Athens,Greece
,,07/06/2014 02:05,Athens,Greece
,,07/06/2014 02:35,Athens,Greece
,,07/06/2014 03:05,Athens,Greece
,,07/06/2014 03:35,Athens,Greece
,,07/06/2014 04:35,Athens,Greece
,,07/06/2014 05:05,Athens,Greece
,,07/06/2014 05:35,Athens,Greece
,,07/06/2014 05:50,Athens,Greece
,,07/06/2014 06:20,Athens,Greece
,,07/06/2014 06:50,Athens,Greece
,,07/06/2014 07:20,Athens,Greece
,,07/06/2014 07:35,Athens,Greece
,,07/06/2014 09:26,Athens,Greece
,,07/06/2014 10:42,Athens,Greece
,,07/06/2014 13:12,Athens,Greece
,,07/06/2014 13:27,Athens,Greece
,,07/06/2014 13:42,Athens,Greece
,,07/06/2014 14:12,Athens,Greece
,,07/06/2014 15:27,Athens,Greece
,,07/06/2014 15:57,Athens,Greece
,,07/06/2014 17:12,Attica,Greece
,,07/06/2014 17:27,Attica,Greece
,,07/06/2014 17:57,Attica,Greece
,,07/06/2014 18:57,Attica,Greece
,,07/06/2014 20:42,Istanbul,Turkey
,,07/06/2014 20:57,Istanbul,Turkey
,,07/06/2014 21:12,Istanbul,Turkey
,,07/06/2014 21:27,Istanbul,Turkey
,,07/06/2014 21:43,Istanbul,Turkey
,,07/06/2014 21:58,Istanbul,Turkey
,,07/06/2014 22:12,Istanbul,Turkey
,,07/06/2014 22:27,Istanbul,Turkey
,,07/06/2014 23:12,Istanbul,Turkey
,,07/06/2014 23:23,Istanbul,Turkey
,,07/06/2014 23:37,Istanbul,Turkey
,,07/07/2014 00:37,Istanbul,Turkey
,,07/07/2014 01:06,Istanbul,Turkey
,,07/07/2014 01:22,Istanbul,Turkey
,,07/07/2014 03:37,Istanbul,Turkey
,,07/07/2014 03:52,Istanbul,Turkey
,,07/07/2014 05:37,Istanbul,Turkey
,,07/07/2014 07:06,Istanbul,Turkey
,,07/07/2014 07:20,Istanbul,Turkey
,,07/07/2014 07:50,Istanbul,Turkey
,,07/07/2014 08:05,Istanbul,Turkey
,,07/07/2014 08:20,Istanbul,Turkey
,,07/07/2014 08:50,Istanbul,Turkey
,,07/07/2014 09:05,Istanbul,Turkey
,,07/07/2014 09:50,Istanbul,Turkey
,,07/07/2014 10:05,Istanbul,Turkey
,,07/07/2014 10:20,Istanbul,Turkey
,,07/07/2014 11:35,Istanbul,Turkey
,,07/07/2014 11:50,Istanbul,Turkey
,,07/07/2014 12:20,Istanbul,Turkey
,,07/07/2014 12:50,Istanbul,Turkey
,,07/07/2014 13:05,Istanbul,Turkey
,,07/07/2014 13:20,Istanbul,Turkey
,,07/07/2014 13:31,Istanbul,Turkey
,,07/07/2014 13:50,Istanbul,Turkey
,,07/07/2014 15:35,Istanbul,Turkey
,,07/07/2014 16:56,Istanbul,Turkey
,,07/07/2014 17:43,Istanbul,Turkey
,,07/07/2014 17:58,Istanbul,Turkey
,,07/07/2014 18:14,Istanbul,Turkey
,,07/07/2014 18:36,Istanbul,Turkey
,,07/07/2014 18:41,Istanbul,Turkey
,,07/07/2014 18:57,Istanbul,Turkey
,,07/07/2014 19:14,Istanbul,Turkey
,,07/07/2014 19:42,Istanbul,Turkey
,,07/07/2014 19:58,Istanbul,Turkey
,,07/07/2014 20:16,Istanbul,Turkey
,,07/07/2014 20:30,Istanbul,Turkey
,,07/07/2014 20:45,Istanbul,Turkey
,,07/07/2014 21:00,Istanbul,Turkey
,,07/07/2014 21:15,Istanbul,Turkey
,,07/07/2014 21:30,Istanbul,Turkey
,,07/07/2014 21:45,Istanbul,Turkey
,,07/07/2014 22:00,Istanbul,Turkey
,,07/08/2014 03:45,Istanbul,Turkey
,,07/08/2014 06:15,Istanbul,Turkey
,,07/08/2014 06:30,Istanbul,Turkey
,,07/08/2014 06:45,Istanbul,Turkey
,,07/08/2014 07:00,Istanbul,Turkey
,,07/08/2014 10:15,Istanbul,Turkey
,,07/08/2014 10:45,Istanbul,Turkey
,,07/08/2014 11:30,Istanbul,Turkey
,,07/08/2014 11:45,Istanbul,Turkey
,,07/08/2014 12:45,Istanbul,Turkey
,,07/08/2014 13:00,Istanbul,Turkey
,,07/08/2014 13:15,Istanbul,Turkey
,,07/08/2014 13:30,Istanbul,Turkey
,,07/08/2014 15:30,Istanbul,Turkey
,,07/08/2014 15:45,Istanbul,Turkey
,,07/08/2014 16:15,Istanbul,Turkey
,,07/08/2014 16:30,Istanbul,Turkey
,,07/08/2014 16:44,Istanbul,Turkey
,,07/08/2014 17:14,Istanbul,Turkey
,,07/08/2014 17:29,Istanbul,Turkey
,,07/08/2014 17:45,Istanbul,Turkey
,,07/08/2014 18:29,Istanbul,Turkey
,,07/08/2014 18:49,Istanbul,Turkey
,,07/08/2014 18:51,Istanbul,Turkey
,,07/08/2014 19:17,Istanbul,Turkey
,,07/08/2014 19:33,Istanbul,Turkey
,,07/08/2014 20:03,Istanbul,Turkey
,,07/08/2014 20:33,Istanbul,Turkey
,,07/08/2014 20:48,Istanbul,Turkey
,,07/08/2014 21:03,Istanbul,Turkey
,,07/08/2014 21:48,Istanbul,Turkey
,,07/08/2014 22:03,Istanbul,Turkey
,,07/08/2014 22:18,Istanbul,Turkey
,,07/08/2014 23:02,Istanbul,Turkey
,,07/08/2014 23:18,Istanbul,Turkey
,,07/09/2014 00:33,Istanbul,Turkey
,,07/09/2014 06:03,Istanbul,Turkey
,,07/09/2014 06:18,Istanbul,Turkey
,,07/09/2014 09:03,Istanbul,Turkey
,,07/09/2014 09:18,Istanbul,Turkey
,,07/09/2014 13:11,Munich,Germany
,,07/09/2014 13:13,Munich,Germany
,,07/09/2014 13:14,Munich,Germany
,,07/09/2014 13:17,Munich,Germany
,,07/09/2014 13:18,Munich,Germany
,,07/09/2014 13:20,Munich,Germany
